{
  "Delete Book" : {
    "transaction" : "Delete Book",
    "sampleCount" : 4,
    "errorCount" : 0,
    "errorPct" : 0.0,
    "meanResTime" : 358.5,
    "medianResTime" : 291.0,
    "minResTime" : 272.0,
    "maxResTime" : 580.0,
    "pct1ResTime" : 580.0,
    "pct2ResTime" : 580.0,
    "pct3ResTime" : 580.0,
    "throughput" : 1.697072549851506,
    "receivedKBytesPerSec" : 0.34968975392448026,
    "sentKBytesPerSec" : 0.412667055579126
  },
  "Get Books" : {
    "transaction" : "Get Books",
    "sampleCount" : 6,
    "errorCount" : 0,
    "errorPct" : 0.0,
    "meanResTime" : 3868.0000000000005,
    "medianResTime" : 3724.5,
    "minResTime" : 966.0,
    "maxResTime" : 7045.0,
    "pct1ResTime" : 7045.0,
    "pct2ResTime" : 7045.0,
    "pct3ResTime" : 7045.0,
    "throughput" : 0.6366723259762309,
    "receivedKBytesPerSec" : 568.585070365556,
    "sentKBytesPerSec" : 0.09512779870543295
  },
  "Total" : {
    "transaction" : "Total",
    "sampleCount" : 22,
    "errorCount" : 0,
    "errorPct" : 0.0,
    "meanResTime" : 1329.0909090909092,
    "medianResTime" : 386.0,
    "minResTime" : 272.0,
    "maxResTime" : 7045.0,
    "pct1ResTime" : 6594.9,
    "pct2ResTime" : 6992.65,
    "pct3ResTime" : 7045.0,
    "throughput" : 2.176278563656148,
    "receivedKBytesPerSec" : 532.6393482911267,
    "sentKBytesPerSec" : 0.4144280467899891
  },
  "Get Book" : {
    "transaction" : "Get Book",
    "sampleCount" : 6,
    "errorCount" : 0,
    "errorPct" : 0.0,
    "meanResTime" : 489.5,
    "medianResTime" : 412.5,
    "minResTime" : 369.0,
    "maxResTime" : 708.0,
    "pct1ResTime" : 708.0,
    "pct2ResTime" : 708.0,
    "pct3ResTime" : 708.0,
    "throughput" : 2.100840336134454,
    "receivedKBytesPerSec" : 8.314458595938376,
    "sentKBytesPerSec" : 0.32620470063025214
  },
  "Post Book" : {
    "transaction" : "Post Book",
    "sampleCount" : 6,
    "errorCount" : 0,
    "errorPct" : 0.0,
    "meanResTime" : 276.8333333333333,
    "medianResTime" : 275.0,
    "minResTime" : 272.0,
    "maxResTime" : 285.0,
    "pct1ResTime" : 285.0,
    "pct2ResTime" : 285.0,
    "pct3ResTime" : 285.0,
    "throughput" : 2.192181220314213,
    "receivedKBytesPerSec" : 0.5608901169163317,
    "sentKBytesPerSec" : 0.5073700675922542
  }
}