{
  "Delete Book" : {
    "transaction" : "Delete Book",
    "sampleCount" : 9,
    "errorCount" : 0,
    "errorPct" : 0.0,
    "meanResTime" : 315.4444444444445,
    "medianResTime" : 272.0,
    "minResTime" : 257.0,
    "maxResTime" : 561.0,
    "pct1ResTime" : 561.0,
    "pct2ResTime" : 561.0,
    "pct3ResTime" : 561.0,
    "throughput" : 1.3221683561040105,
    "receivedKBytesPerSec" : 0.2724389874394006,
    "sentKBytesPerSec" : 0.3217907576759218
  },
  "Get Books" : {
    "transaction" : "Get Books",
    "sampleCount" : 10,
    "errorCount" : 0,
    "errorPct" : 0.0,
    "meanResTime" : 1999.3,
    "medianResTime" : 1428.5,
    "minResTime" : 616.0,
    "maxResTime" : 5607.0,
    "pct1ResTime" : 5398.800000000001,
    "pct2ResTime" : 5607.0,
    "pct3ResTime" : 5607.0,
    "throughput" : 1.0663254425250586,
    "receivedKBytesPerSec" : 951.8261448003306,
    "sentKBytesPerSec" : 0.15932401631477927
  },
  "Total" : {
    "transaction" : "Total",
    "sampleCount" : 39,
    "errorCount" : 0,
    "errorPct" : 0.0,
    "meanResTime" : 750.25641025641,
    "medianResTime" : 360.0,
    "minResTime" : 256.0,
    "maxResTime" : 5607.0,
    "pct1ResTime" : 2468.0,
    "pct2ResTime" : 3525.0,
    "pct3ResTime" : 5607.0,
    "throughput" : 3.855659911023233,
    "receivedKBytesPerSec" : 887.3506433823529,
    "sentKBytesPerSec" : 0.7466865422639644
  },
  "Get Book" : {
    "transaction" : "Get Book",
    "sampleCount" : 10,
    "errorCount" : 0,
    "errorPct" : 0.0,
    "meanResTime" : 358.0999999999999,
    "medianResTime" : 367.0,
    "minResTime" : 332.0,
    "maxResTime" : 378.0,
    "pct1ResTime" : 378.0,
    "pct2ResTime" : 378.0,
    "pct3ResTime" : 378.0,
    "throughput" : 1.3921759710427397,
    "receivedKBytesPerSec" : 6.252691902756508,
    "sentKBytesPerSec" : 0.21630390331337881
  },
  "Post Book" : {
    "transaction" : "Post Book",
    "sampleCount" : 10,
    "errorCount" : 0,
    "errorPct" : 0.0,
    "meanResTime" : 284.69999999999993,
    "medianResTime" : 257.0,
    "minResTime" : 256.0,
    "maxResTime" : 375.0,
    "pct1ResTime" : 373.5,
    "pct2ResTime" : 375.0,
    "pct3ResTime" : 375.0,
    "throughput" : 1.4148273910582907,
    "receivedKBytesPerSec" : 0.3619968520090549,
    "sentKBytesPerSec" : 0.32745516765704585
  }
}