{
  "Get Books" : {
    "transaction" : "Get Books",
    "sampleCount" : 5,
    "errorCount" : 0,
    "errorPct" : 0.0,
    "meanResTime" : 8834.6,
    "medianResTime" : 10319.0,
    "minResTime" : 5112.0,
    "maxResTime" : 11580.0,
    "pct1ResTime" : 11580.0,
    "pct2ResTime" : 11580.0,
    "pct3ResTime" : 11580.0,
    "throughput" : 0.4317789291882556,
    "receivedKBytesPerSec" : 382.72639720962866,
    "sentKBytesPerSec" : 0.0645138439119171
  },
  "Total" : {
    "transaction" : "Total",
    "sampleCount" : 5,
    "errorCount" : 0,
    "errorPct" : 0.0,
    "meanResTime" : 8834.6,
    "medianResTime" : 10319.0,
    "minResTime" : 5112.0,
    "maxResTime" : 11580.0,
    "pct1ResTime" : 11580.0,
    "pct2ResTime" : 11580.0,
    "pct3ResTime" : 11580.0,
    "throughput" : 0.4317789291882556,
    "receivedKBytesPerSec" : 382.72639720962866,
    "sentKBytesPerSec" : 0.0645138439119171
  }
}